time_ms,value
0.0,0.000000
4.0,0.000000
8.0,0.000000
12.0,0.000000
16.0,0.000000
20.0,0.000000
24.0,0.000000
28.0,0.000000
32.0,0.093675
36.0,0.261653
40.0,0.406026
44.0,0.529250
48.0,0.633555
52.0,0.720964
56.0,0.793310
60.0,0.852256
64.0,0.899304
68.0,0.935815
72.0,0.963019
76.0,0.982025
80.0,0.993833
84.0,0.999347
88.0,0.999377
92.0,0.994654
96.0,0.985833
100.0,0.973501
104.0,0.958184
108.0,0.940353
112.0,0.920426
116.0,0.898778
120.0,0.875741
124.0,0.851609
128.0,0.826641
132.0,0.801070
136.0,0.775095
140.0,0.748895
144.0,0.722623
148.0,0.696415
152.0,0.670386
156.0,0.644636
160.0,0.619250
164.0,0.594301
168.0,0.569849
172.0,0.545944
176.0,0.522627
180.0,0.499930
184.0,0.477878
188.0,0.456491
192.0,0.435782
196.0,0.415759
200.0,0.396425
204.0,0.377782
208.0,0.359824
212.0,0.342547
216.0,0.325943
220.0,0.309999
224.0,0.294705
228.0,0.280047
232.0,0.266009
236.0,0.252575
240.0,0.239729
244.0,0.227455
248.0,0.215733
252.0,0.204546
256.0,0.193877
260.0,0.183707
264.0,0.174017
268.0,0.164790
272.0,0.156009
276.0,0.147655
280.0,0.139711
284.0,0.132161
288.0,0.124988
292.0,0.118176
296.0,0.111709
300.0,0.105572
304.0,0.099751
308.0,0.094230
312.0,0.088996
316.0,0.084037
320.0,0.079338
324.0,0.074887
328.0,0.070673
332.0,0.066685
336.0,0.062910
340.0,0.059339
344.0,0.055961
348.0,0.052767
352.0,0.049747
356.0,0.046893
360.0,0.044196
364.0,0.041648
368.0,0.039242
372.0,0.036969
376.0,0.034823
380.0,0.032797
384.0,0.030885
388.0,0.029081
392.0,0.027379
396.0,0.025773
400.0,0.024258
404.0,0.022830
408.0,0.021484
412.0,0.020214
416.0,0.019018
420.0,0.017890
424.0,0.016828
428.0,0.015827
432.0,0.014884
436.0,0.013996
440.0,0.013159
444.0,0.012372
448.0,0.011630
452.0,0.010932
456.0,0.010275
460.0,0.009656
464.0,0.009074
468.0,0.008527
472.0,0.008011
476.0,0.007527
480.0,0.007071
484.0,0.006642
488.0,0.006238
492.0,0.005859
496.0,0.005502
500.0,0.005167
504.0,0.004852
508.0,0.004555
512.0,0.004277
516.0,0.004015
520.0,0.003769
524.0,0.003538
528.0,0.003321
532.0,0.003117
536.0,0.002925
540.0,0.002745
544.0,0.002576
548.0,0.002417
552.0,0.002267
556.0,0.002127
560.0,0.001996
564.0,0.001872
568.0,0.001756
572.0,0.001647
576.0,0.001545
580.0,0.001449
584.0,0.001359
588.0,0.001274
592.0,0.001195
596.0,0.001121
600.0,0.001051
604.0,0.000985
608.0,0.000924
612.0,0.000866
616.0,0.000812
620.0,0.000761
624.0,0.000713
628.0,0.000669
632.0,0.000627
636.0,0.000587
640.0,0.000550
644.0,0.000516
648.0,0.000483
652.0,0.000453
656.0,0.000425
660.0,0.000398
664.0,0.000373
668.0,0.000349
672.0,0.000327
676.0,0.000307
680.0,0.000287
684.0,0.000269
688.0,0.000252
692.0,0.000236
696.0,0.000221
700.0,0.000207
704.0,0.000194
708.0,0.000182
712.0,0.000170
716.0,0.000159
720.0,0.000149
724.0,0.000140
728.0,0.000131
732.0,0.000123
736.0,0.000115
740.0,0.000107
744.0,0.000101
748.0,0.000094
752.0,0.000088
756.0,0.000083
760.0,0.000077
764.0,0.000072
768.0,0.000068
772.0,0.000063
776.0,0.000059
780.0,0.000056
784.0,0.000052
788.0,0.000049
792.0,0.000046
796.0,0.000043
800.0,0.000040
804.0,0.000037
808.0,0.000035
812.0,0.000033
816.0,0.000031
820.0,0.000029
824.0,0.000027
828.0,0.000025
832.0,0.000023
836.0,0.000022
840.0,0.000021
844.0,0.000019
848.0,0.000018
852.0,0.000017
856.0,0.000016
860.0,0.000015
864.0,0.000014
868.0,0.000013
872.0,0.000012
876.0,0.000011
880.0,0.000011
884.0,0.000010
888.0,0.000009
892.0,0.000009
896.0,0.000008
900.0,0.000008
904.0,0.000007
908.0,0.000007
912.0,0.000006
916.0,0.000006
920.0,0.000005
924.0,0.000005
928.0,0.000005
932.0,0.000004
936.0,0.000004
940.0,0.000004
944.0,0.000004
948.0,0.000003
952.0,0.000003
956.0,0.000003
960.0,0.000003
964.0,0.000003
968.0,0.000002
972.0,0.000002
976.0,0.000002
980.0,0.000002
984.0,0.000002
988.0,0.000002
992.0,0.000002
996.0,0.000002
1000.0,0.000001
